{
  "version": 1,
  "author": "Leonardo Mello",
  "editor": "wokwi",
  "parts": [
    { "type": "wokwi-breadboard", "id": "bb1", "top": -319.8, "left": -227.6, "attrs": {} },
    { "type": "wokwi-arduino-uno", "id": "uno", "top": -85.8, "left": -240.6, "attrs": {} },
    {
      "type": "wokwi-hx711",
      "id": "cell1",
      "top": -27,
      "left": 27.2,
      "rotate": 90,
      "attrs": { "type": "50kg" }
    },
    {
      "type": "wokwi-hc-sr04",
      "id": "ultrasonic1",
      "top": -296.1,
      "left": 187.9,
      "attrs": { "distance": "215" }
    },
    {
      "type": "wokwi-lcd2004",
      "id": "lcd2",
      "top": -521.6,
      "left": -224.8,
      "attrs": { "pins": "i2c" }
    }
  ],
  "connections": [
    [ "uno:5V", "bb1:bp.1", "red", [ "v47.9", "h-169", "v-288" ] ],
    [ "uno:GND.2", "bb1:bn.1", "black", [ "v57.5", "h-197.7", "v-288" ] ],
    [ "cell1:GND", "bb1:bn.34", "black", [ "v0" ] ],
    [ "cell1:VCC", "bb1:bp.31", "red", [ "v0" ] ],
    [ "cell1:SCK", "uno:A0", "green", [ "v-48", "h-133.6", "v220.8", "h-76.8" ] ],
    [ "cell1:DT", "uno:A1", "green", [ "v-48", "h-143.5", "v220.8", "h-67.2" ] ],
    [ "bb1:49b.g", "bb1:bp.40", "red", [ "v0" ] ],
    [ "bb1:52b.g", "bb1:bn.42", "black", [ "v0" ] ],
    [ "bb1:51b.g", "uno:3", "yellow", [ "v86.4", "h-297.6" ] ],
    [ "bb1:50b.g", "uno:2", "blue", [ "v86.4", "h-268.8" ] ],
    [ "lcd2:SDA", "uno:A4", "purple", [ "h-67.2", "v653", "h288" ] ],
    [ "lcd2:SCL", "uno:A5", "orange", [ "h-86.4", "v662.7", "h326.4" ] ],
    [ "lcd2:GND", "bb1:bn.2", "black", [ "h-57.6", "v393.6", "h115.2" ] ],
    [ "lcd2:VCC", "bb1:bp.3", "red", [ "h-38.4", "v374.5", "h96" ] ],
    [ "ultrasonic1:VCC", "bb1:49b.f", "", [ "$bb" ] ],
    [ "ultrasonic1:TRIG", "bb1:50b.f", "", [ "$bb" ] ],
    [ "ultrasonic1:ECHO", "bb1:51b.f", "", [ "$bb" ] ],
    [ "ultrasonic1:GND", "bb1:52b.f", "", [ "$bb" ] ]
  ],
  "dependencies": {}
}